കവിതകൾ/ പാട്ടുകൾ,വൃത്തം,Poet,Type
മാത്രയഞ്ചക്ഷരംമുന്നിൽവരുന്നോരുഗണങ്ങളെ ,കാകളി,Vrithamanjari,1
എട്ടുചേർത്തുള്ളീരടിക്കുചൊല്ലാംകാകളിയെന്നുപേർ,കാകളി,Vrithamanjari,2
ത്ര്യക്ഷരപഞ്ചമാത്രാഗണംനന്നാലു,കാകളി,Neelamperoor Ramakrishnan Nair,1
ചേർന്നിടുംഗുർവ്വാദിയീരടികാകളി,കാകളി,Neelamperoor Ramakrishnan Nair,2
പ്രഭുംപ്രാണനാഥം വിഭുംവിശ്വനാഥം,കാകളി,Traditional,1
ജഗന്നാഥനാഥം സദാനന്ദഭാജം,കാകളി,Traditional,2
പുത്രിയുംധാത്രിയുമൊന്നുപോലിങ്ങനെ,കാകളി,M. Geethadevi,1
നിന്ദിതയാകുവാനെന്തൊരു കാരണം,കാകളി,M. Geethadevi,2
മണിവേണുനാദസുധ ചൊരിയുന്നഭൂതിയതു,കാകളി,M. Geethadevi,3
പറയാവതല്ലസഖി പൊഴിയുന്നു രാഗമഴ,കാകളി,M. Geethadevi,4
ശശികിരണ മൊളിവിതറുമാവണിപ്പൂവനം ,കാകളി,M. Geethadevi,5
കാത്തുനില്പൂവതിൻ ചാരെയാകാമിനി,കാകളി,M. Geethadevi,6
അവനിയിലെകളികളിതു കണ്ടൊരാതാരകൾ ,കാകളി,M. Geethadevi,7
കൺചിമ്മി കാവലായ് ചൊന്നതു കേട്ടുവോ,കാകളി,M. Geethadevi,8
ഓർത്താലിതെന്തുകഥ പച്ചക്കറിക്കുവില,കാകളി,M. Geethadevi,9
കൂടിക്കഴിഞ്ഞുവതു കിട്ടാനുമില്ലവഴി,കാകളി,M. Geethadevi,10
മനസ്സിൽത്തെളിഞ്ഞു പ്രഭാപൂരഹാസം,കാകളി,M. Geethadevi,11
പ്രകാശംപരത്തുംചിദാനന്ദരൂപം,കാകളി,M. Geethadevi,12
അഹംബ്രഹ്മമെന്നുള്ളിലാകുന്നനേരം,കാകളി,M. Geethadevi,13
അഹംഭാവമാരുംവെടിഞ്ഞീടുമത്രേ!,കാകളി,M. Geethadevi,14
ദന്തഹർമ്മ്യത്തിലെനേതാക്കളേചൊല്ലൂ,കാകളി,M. Geethadevi,15
എന്തിനീ രാഷ്ട്രീയനാടകങ്ങൾ?,കാകളി,M. Geethadevi,16
ഹർത്താലീനാടിന്റെശാപമായ്മാറുന്നു ,കാകളി,M. Geethadevi,17
ദുസ്സഹമായിടുന്നക്രമവും.,കാകളി,M. Geethadevi,18
അരുമസഖി! നീയെന്റെമാനസം കണ്ടുവോ ,കാകളി,M. Geethadevi,19
ഒരുചെറിയമോഹമൊന്നുണ്ടെന്റെഹൃത്തടേ,കാകളി,M. Geethadevi,20
എത്ര ചിരിച്ചാലും ചിരി തീരുമോ നിന്റെ ,കാകളി,Sreekumaran Thambi,1
ചിത്തിര പ്പൂവിതൾ ചുണ്ടിൽ  ,കാകളി,Sreekumaran Thambi,2
ഉത്തരാസ്വയം വരം കഥകളി കാണുവാൻ ,കാകളി,Sreekumaran Thambi,3
ഉത്രാടരാത്രിയിൽ പോയിരുന്നു ,കാകളി,Sreekumaran Thambi,4
കാളീ ഭദ്രകാളീ കാത്തരുളൂ ദേവി ,കാകളി,Sreekumaran Thambi,5
മായേ മഹാമായേ മാരയമ്മൻ തായേ ,കാകളി,Sreekumaran Thambi,6
എന്മനോവീണതൻ തന്ത്രി മുറുക്കി ഞാൻ ,കാകളി,,1
സപ്തസ്വരങ്ങളാൽ ഗാനമുതിർക്കവേ,കാകളി,,2
ഹിന്ദോളരാഗത്തിനോളങ്ങളിൽ എന്‍റെ,കാകളി,,1
വീണയിൽ വന്ന മധുരസംഗീതമേ,കാകളി,,2
ശ്രീകോവിലിൻ നട മെല്ലേ തുറക്കവേ,കാകളി,,1
ക്ഷേത്രമെങ്ങും മണി നാദം മുഴങ്ങവേ,കാകളി,,2
സോപാനസംഗീതമോടെയിടയ്ക്കയിൽ ,കാകളി,,1
മദ്ധ്യമാദിക്കൊത്തു താളം മുഴങ്ങവേ,കാകളി,,2
അഞ്ജലി കൂപ്പി നില്ക്കും മനോമോഹിനി,കാകളി,,1
മറ്റൊരു രാധയായ് നില്ക്കുന്നു നീ സഖി.,കാകളി,,2
എങ്ങു നീയെങ്ങു നീ മർത്ത്യന്നു നേർവഴി,കാകളി,,1
യേകിടും ദിവ്യപ്രകാശമേയെങ്ങു നീ,കാകളി,,2
കെട്ടുപോയിട്ടില്ലയിന്നുമാ ജ്യോതിയെ-,കാകളി,,1
ന്നാശിപ്പുവെൻ  മനമെങ്ങൊളിക്കുന്നു നീ,കാകളി,,2
ഇന്നുമോർക്കുന്നുഞാൻ  ബാല്യകാലത്തിലെ-,കാകളി,,1
യേറ്റം രസകരമാ നിമിഷങ്ങളെ.,കാകളി,,2
പൂക്കളം തീര്‍ക്കുവാൻ  തുമ്പയിറുക്കുവാൻ,കാകളി,,1
പാടവരമ്പിലൂടന്നു നാം പോയതും.,കാകളി,,2
കുണ്ടനിടവഴി താണ്ടിയ നേരത്തു,കാകളി,,1
ചെമ്പരത്തിപ്പൂ ചിരിപ്പതു കണ്ടതും,കാകളി,,2
"""ഞാൻ തന്നെയാണിറുക്കേണ്ടതാ പൂക്കളി-",കാകളി,,1
"തെന്നേ തലയിലിരുത്തണമിപ്പൊഴേ""",കാകളി,,2
എന്നു നീ ചൊല്ലവേ നിന്നെയെടുത്തു ഞാൻ,കാകളി,,1
വച്ചു തലയില്‍ നീയിന്നതോർക്കുന്നുവോ?,കാകളി,,2
നമ്മളൊന്നായ് പല കാലം കഴിഞ്ഞതിൽ ,കാകളി,,1
ഞാനെന്തുചെയ്തുവഹിതമായ് ഭാരതീ.,കാകളി,,2
വാക്കൊന്നുപോലും പറയാതെയെന്തിനാ -,കാകളി,,1
യെന്നില്‍നിന്നുമൊരുനാൾ നീയൊഴിഞ്ഞുപോയ്,കാകളി,,2
ഛായയായെന്നുടെയൊപ്പം നടക്കിലും,കാകളി,,1
പൂജിച്ചു നിന്നെ ഞാനെന്നെന്നും ദേവിയായ്,കാകളി,,2
എൻജിഹ്വയായെന്‍റെ കൂടെ നടന്ന നീ,കാകളി,,1
മൂകനായെന്നെയും മാറ്റിയതെന്തിനോ ?,കാകളി,,2
അകലെയൊരു മലമുകളിലാർദ്രമന്ദസ്മിതം,കാകളി,,1
അടവി വിടരും പൂവനത്തിന്റെ ഛായയിൽ,കാകളി,,2
ഇതു നിലാവല്ല കുളിർ മഞ്ഞല്ല രാവല്ല ,കാകളി,,1
കളകളം കിളിയല്ല കാടല്ല കാറ്റല്ല,കാകളി,,2
ഒന്നായ നിന്നെയിഹ രണ്ടെന്നു കണ്ടളവി-,കാകളി,,1
ലുണ്ടായോരിണ്ടൽ ബദ മിണ്ടാവതല്ല മമ,കാകളി,,2
കഥയമമ കഥയമമ കഥകളതിസാദരം,കാകളി,,1
കാറ്റിന്റെ കാണാപ്പിയാനോ വിടർത്തുന്ന    ,കാകളി,,2
തോറ്റങ്ങൾ കേട്ടിന്നു തോറ്റു പോയ് പാട്ടുകൾ,കാകളി,,1
കേര നിരകളാടും ഹരിത ചാരു തീരം,കാകളി,,2
കുരുക്കുത്തി മുല്ലയ്ക്കു രണ്ടാണു ജന്മം ,കാകളി,,1
അതൊരിക്കൽ ചിരിക്കാൻ മടിക്കും ദലങ്ങൾ,കാകളി,,2
ദൈവമേ കൈതൊഴാം കേൾക്കുമാറാകണം ,കാകളി,,1
പാവമാമെന്നെ നീ കാക്കുമാറാകണം,കാകളി,,2
നോക്കടാ നമ്മുടെ മാർഗ്ഗേ കിടക്കുന്ന,കാകളി,,1
മർക്കടാ നീയങ്ങു മാറിക്കിട ശഠാ,കാകളി,,2
സകല ശുക കുല വിമല തിലകിത കളേബരേ    ,കാകളി,,1
സാരസ്യ പീയൂഷ സാരസർവ്വസ്വമേ,കാകളി,,2
പൂ വസന്തം വീശി - പൂമണവും പൂശീ  ,കാകളി,Pala Narayanan Nair,1
ഭൂവിനുർവ്വേകിടുന്ന നാഥനെ നമിക്കാം!,കാകളി,Pala Narayanan Nair,2
കമലജനുമറിയരുതു  പുകഴുവതിനോർക്കിലൊ   ,കാകളി,,1
കൗരവപാണ്ഡവസൈന്യകോലാഹലം;  ,കാകളി,,2
ഇനിയും മരിക്കാത്ത ഭൂമി!-നിന്നാസന്ന-  ,കാകളി,O.N.V Kuruppu,1
മൃതിയിൽ നിനക്കാത്‌മശാന്തി!  ,കാകളി,O.N.V Kuruppu,2
ഒരു തൈ നടുമ്പോൾ ഒരു തണൽ നടുന്നൂ!  ,കാകളി,O.N.V Kuruppu,3
പകലുറക്കത്തിനൊരു മലർവിരി നടുന്നൂ.,കാകളി,O.N.V Kuruppu,4
എന്തിനീ ചിലങ്കകൾ എന്തിനീ കൈവളകൾ,കാകളി,O.N.V Kuruppu,5
എൻ പ്രിയനെന്നരികിൽ വരില്ലയെങ്കിൽ,കാകളി,O.N.V Kuruppu,6
തന്നന്നം താനന്നം താളത്തിലാടി,കാകളി,O.N.V Kuruppu,7
മന്ദാരക്കൊമ്പത്തൊരൂഞ്ഞാലിലാടി,കാകളി,O.N.V Kuruppu,8
ദേവദൂതർ പാടീ സ്നേഹദൂതർ പാടീ,കാകളി,O.N.V Kuruppu,9
ഈയൊലിവിൻ പൂക്കൾ ചൂടിയാടും നിലാവിൽ,കാകളി,O.N.V Kuruppu,10
അരികിൽ നീയുണ്ടായിരുന്നെങ്കിലെന്നു ഞാൻ,കാകളി,O.N.V Kuruppu,11
ഒരു മാത്ര വെറുതേ നിനച്ചുപോയി,കാകളി,O.N.V Kuruppu,12
മോഹിച്ച കണ്ണിന്നു പൊൽക്കണിപ്പൂക്കളും ,കാകളി,O.N.V Kuruppu,13
ദാഹിച്ച ചുണ്ടിനു നൽത്തേൻ കണികളും,കാകളി,O.N.V Kuruppu,14
സ്വയം മൃത്യുവെക്കൈവരിച്ചോരു കന്യ,കാകളി,O.N.V Kuruppu,15
നിശാഗന്ധി നീയെത്ര ധന്യ ,കാകളി,O.N.V Kuruppu,16
നെല്ലോലചായും വയൽ വരമ്പിൽ ,കാകളി,O.N.V Kuruppu,17
അന്നവും വസ്ത്രവും അപ്പവും വീഞ്ഞുമായ്,കാകളി,O.N.V Kuruppu,18
അച്ചിങ്ങയും കൊച്ചു പച്ചീർക്കിലും കൊണ്ടേ ,കാകളി,,1
ഓച്ചിറക്കാളയെ കെട്ടി ഞങ്ങൾ ,കാകളി,,2
രാത്രിമഴ ചുമ്മാതെ കേണും ചിരിച്ചും ,കാകളി,Sugathakumari,1
വിതുമ്പിയും നിർത്താതെ പിറുപിറുത്തും നീണ്ട,കാകളി,Sugathakumari,2
മുകളിലെച്ചുവന്നു  മഞ്ഞളിച്ച വാനവും ,കാകളി,Sugathakumari,3
അടിയിലെ വരണ്ടുടഞ്ഞ ദാഹഭൂമിയും,കാകളി,Sugathakumari,4
നീലിച്ചപൊട്ടുള്ള പാവാട ചുറ്റിയ,കാകളി,Sugathakumari,5
ചേലെഴും പൂമ്പാറ്റക്കുഞ്ഞേ,കാകളി,Sugathakumari,6
പടി പതിനെട്ടാണു കോവിലി ന്നാദ്യത്തെ ,കാകളി,Sugathakumari,7
പ്പടിയിലിരിപ്പൂ ഞാൻ ദേവദാസി ,കാകളി,Sugathakumari,8
ഇനിയും മുറിക്കത്തൊ-രൊറ്റയാൽ ച്ചോട്ടിലാ,കാകളി,Sugathakumari,9
പ്പഴയ പാന്ഥൻ വന്നിരിക്കുന്നു ശാന്തമായ്‌,കാകളി,Sugathakumari,10
തുമ്പിയുള്ള കൊമ്പൻ കുമ്പയുള്ള കൊമ്പൻ ,കാകളി,Madavoor  Radhakrishnan,1
അമ്പലത്തിലാറാട്ടിന്  മുമ്പിലാണ് കൊമ്പൻ,കാകളി,Madavoor  Radhakrishnan,2
കസവിട്ടകിനാവിന്റെ തള്ളയായല്ലോ.,കാകളി,K. Ayyappa Paniker,1
സന്ധ്യ പോയ് മെല്ലെയിരുട്ടായ് കുരുക്കുത്തി,കാകളി,K. Ayyappa Paniker,2
എനിക്കാവതില്ലേ പൂക്കാതിരിക്കാൻ,കാകളി,K. Ayyappa Paniker,3
എനിക്കാവതില്ലേ കണിക്കൊന്നയല്ലേ,കാകളി,K. Ayyappa Paniker,4
ഉണങ്ങിക്കരിഞ്ഞെന്നു തോന്നിച്ച കൊമ്പിൻ-,കാകളി,K. Ayyappa Paniker,5
മുനമ്പിൽത്തിളങ്ങുന്നു പൊന്നിൻ പതക്കങ്ങൾ,കാകളി,K. Ayyappa Paniker,6
കാടെവിടെ മക്കളേ? മേടെവിടെ മക്കളേ?,കാകളി,K. Ayyappa Paniker,7
കാട്ടു പുൽത്തകിടിയുടെ വേരെവിടെ മക്കളേ?,കാകളി,K. Ayyappa Paniker,8
വിഷവാതമൂതാത്ത വിഷവാണി കേൾക്കാത്ത ,കാകളി,K. Ayyappa Paniker,9
വിഷനീർ കുടിക്കാത്ത നാടെവിടെ മക്കളേ?,കാകളി,K. Ayyappa Paniker,10
തിന്നുവാൻ താളും തകരയുമിഷ്ടംപോലെ--,കാകളി,Thirunelloor Karunakaran,1
ന്നുമതിന്നൊരു പഞ്ഞമില്ല,കാകളി,Thirunelloor Karunakaran,2
നനഞ്ഞ ഭാണ്ഡം തോളിലേറ്റുന്നു വടി കുത്തി,കാകളി,Thirunelloor Karunakaran,3
നടകൊളളുന്നു നന്നേ തളർന്ന കാൽവയ്‌പോടെ,കാകളി,Thirunelloor Karunakaran,4
കൂടുമ്പോളിമ്പമായ് മാറും കുടുംബം  ,കാകളി,Priya Venugopal,1
ചേരുമ്പോൾ ശീതളമാകും ഹൃദന്തം,കാകളി,,2
ഒന്നിൽനിന്നൊന്നിലേയ്ക്കോടിയെത്തുന്നൊരാ,കാകളി,,1
ഓർമ്മകൾക്കൊട്ടുമേ പഞ്ഞമില്ല,കാകളി,,2
കുറ്റം പറഞ്ഞിട്ടു കാര്യമില്ലിന്നെടോ ,കാകളി,,1
ഒറ്റയ്ക്ക് പൊരുതുന്നതാണ് ഭദ്രം!,കാകളി,,2
തെറ്റാതെ ശരികൾ നടപ്പാക്കുവാനിന്നൊ-,കാകളി,,1
രൊറ്റയാനെക്കടന്നാരുണ്ടഹോ,കാകളി,,2
കണ്ണട വച്ചാലും വയ്ക്കാതിരുന്നാലും ,കാകളി,,1
കണ്ടതിൽ കാര്യം തിരഞ്ഞിടണ്ടേ?,കാകളി,,2
സന്ധ്യക്കു സന്ദേഹമേതുമില്ലാതെയ -,കാകളി,,1
ഖണ്ഡമായ് ദീപം തെളിച്ചീടണം,കാകളി,,2
ആറുമലയാളിക്കു നൂറുമലയാളം,കാകളി,,1
അരമലയാളിക്കുമൊരു മലയാളം,കാകളി,,2
കണ്ണുനീർത്തുള്ളിയെസ്ത്രീയോടുപമിച്ച കാവ്യ ഭാവനേ...അഭിനന്ദനം.,കാകളി,,1
നിനക്കഭിനന്ദനം... അഭിനന്ദനം ... അഭിനന്ദനം.. അഭിനന്ദനം….,കാകളി,,2
അരികിൽ നീയുണ്ടായിരുന്നെങ്കിലെന്നു ഞാൻ,കാകളി,,1
ഒരു മാത്ര വെറുതേ നിനച്ചു പോയീ,കാകളി,,2
അന്നു നിന്റെ നുണക്കുഴി തെളിഞ്ഞിട്ടില്ല	,കാകളി,P. Bhaskaran,1
അന്നു നിന്റെ കവിളിത്ര ചുമന്നിട്ടില്ല,കാകളി,P. Bhaskaran,2
മാമ്പഴക്കൂട്ടത്തിൽ മൽഗോവയാണു നീ ,കാകളി,P. Bhaskaran,3
മാസങ്ങളിൽ നല്ല കന്നി മാസം,കാകളി,P. Bhaskaran,4
നാദബ്രഹ്മത്തിൻ സാഗരം നീന്തി വരും ,കാകളി,P. Bhaskaran,5
നാകസുന്ദരിമാരെ ,കാകളി,P. Bhaskaran,6
മഞ്ഞണിപ്പൂനിലാവ് പേരാറ്റിൻ കടവത്ത്,കാകളി,P. Bhaskaran,7
നാദബ്രഹ്മത്തിന്‍ സാഗരം നീന്തിവരും,കാകളി,P. Bhaskaran,8
നാകസുന്ദരിമാരേ,കാകളി,P. Bhaskaran,9
നാളികേരത്തിന്റെ നാട്ടിലെനിക്കൊരു,കാകളി,P. Bhaskaran,10
നാഴിയിടങ്ങഴി മണ്ണുണ്ട് ,കാകളി,P. Bhaskaran,11
അള്ളാവിൻ കാരുണ്യമില്ലെങ്കിൽ ഭൂമിയിൽ ,കാകളി,P. Bhaskaran,12
എല്ലാരും എല്ലാരും യത്തീമുകൾ ,കാകളി,P. Bhaskaran,13
ആദ്യത്തെ കണ്മണി ആണായിരിക്കണം 	,കാകളി,,1
ആരുമേ കണ്ടാൽ കൊതിക്കണം,കാകളി,,2
സന്താന കാരിണം സന്താപ ഹാരിണം  	,കാകളി,,1
ചിന്താ വിമോചനം സിന്ധുരാധാരിണം,കാകളി,,2
കല്യാണീ കളവാണീ ചൊല്ലമ്മിണി ചൊല്ല്,കാകളി,,1
കാറ്റേ കാറ്റേ നീ പൂക്കാമരത്തില് ,കാകളി,,1
പാട്ടും മൂളിവന്നോ?,കാകളി,,2
മീനായതും ഭവതി മാനായതും ജനനി,കാകളി,Narayana Guru,1
നീ നാഗവും നഗഖഗം,കാകളി,Narayana Guru,2
കിലദ്ദേവ ഗോത്രം  കനദ്ധേമ ഗാത്രം ,കാകളി,Narayana Guru,3
സദാനന്ദ മാത്രം മഹാഭക്തിമിത്രം ,കാകളി,Narayana Guru,4
സമസ്ത പ്രപഞ്ചം സൃജിച്ചും ഭരിച്ചും ,കാകളി,Narayana Guru,5
മുദാസംഹരിച്ചും രസിച്ചും രമിച്ചും ,കാകളി,Narayana Guru,6
വേലായുധോ മഹതി കോലാഹലാരവ സു -,കാകളി,Narayana Guru,7
ലീലാതനോതു കുശലം ,കാകളി,Narayana Guru,8
അന്നന്നവൻ മലയിലുള്ളതിൽ നല്ലതായി,കാകളി,Kundoor Narayana Menon,1
നിന്നീടുമാമുള മുറിച്ചു പൊളിച്ചു ചീന്തി,കാകളി,Kundoor Narayana Menon,2
സഹിക്കയോ ദാസ്യം മരിക്കയോ ഭേദം,കാകളി,ബോധേശ്വരൻ,1
സഹിക്കയോ ഹാസ്യം മരിക്കയോ നല്ലൂ,കാകളി,ബോധേശ്വരൻ,2
ആനയും ചേനയും പേനയും പേനുമാ-,കാകളി,കുഞ്ഞുണ്ണി,1
യന്യോന ബന്ധമുണ്ടെന്നു നൂനം,കാകളി,കുഞ്ഞുണ്ണി,2
രഥചക്രമുരുളവേ തളരുന്ന ഞങ്ങളുടെ,കാകളി,C.P. Aboobakkar,1
ഹൃദയം ചതഞ്ഞരയുമ്പോൾ,കാകളി,C.P. Aboobakkar,2
അറിയാതെ കൈകൾ നാം ഈ സാക്ഷയിൽ തന്നെ,കാകളി,Karivelloor Murali ,1
ബലമായമർത്തുന്നുവല്ലോ,കാകളി,Karivelloor Murali,2
പാതിരാപ്പൂക്കളിലൂഞ്ഞാലിടാൻ വന്നൊ -,കാകളി,Alamcode Leelakrishnan,1
രാതിരക്കാറ്റിൻ കുളിർമണം കൂടിയും,കാകളി,Alamcode Leelakrishnan,2
പാളത്തിലോടാത്ത തീവണ്ടിയായ് നിന്നു,കാകളി,മനോജ് കുറൂർ,1
തീയും വെളിച്ചവും തുപ്പുന്നു കേശവൻ,കാകളി,മനോജ് കുറൂർ,2
കത്തുന്ന തീയില്ല തേനില്ല പാലില്ല,കാകളി,Prabha Varma,1
കൺമുമ്പിൽ നെയ്യില്ല മദ്യമില്ല,കാകളി,Prabha Varma,2
എന്റെ വിളക്കിന്റെ തിരി നിനക്കേകി ഞാ -,കാകളി,Vijayalakshmi,1
നന്ധകാരത്തെ സ്വയം വരിച്ചു,കാകളി,Vijayalakshmi,2
ആകാശപ്പൊയ്കയിൽ അമ്പിളിത്തോണിയിൽ,കാകളി,Appan Thachethu,1
ആയിരം താരകൾ വന്നിറങ്ങി,കാകളി,Appan Thachethu,2
കാത്തു സൂക്ഷിച്ചൊരു കസ്തൂരി മാമ്പഴം ,കാകളി,P. Bhaskaran,1
കാക്ക കൊത്തിപ്പോയി ,കാകളി,P. Bhaskaran,2
കനക സിംഹാസനത്തിൽ കയറിയിരിക്കുന്നവൻ ,കാകളി,P. Bhaskaran,1
ശുനകനോ വെറും ശുംഭനോ ,കാകളി,P. Bhaskaran,2
കാക്കക്കൊട്ടാരത്തിലാരും കാണാതെ ,കാകളി,Kavalam,1
കള്ളിക്കുയിലമ്മ മുട്ടയിട്ടു ,കാകളി,Kavalam,2
നെറികെട്ട വൈദ്യുതിപ്രസരം വിടർത്തുന്ന ,കാകളി,Kadammanitta,1
കപട വർണ്ണോജ്വലഹാസം,കാകളി,Kadammanitta,2
കാതരേ കരിമിഴിക്കോണിലീവെളിച്ചത്തിൻ,കാകളി,Kadammanitta,3
കീറുമായിരുട്ടത്ത് വന്നതിന്നാരെ നോക്കി ,കാകളി,Kadammanitta,4
കത്തുമിക്കടലിന്റെ കരിഞ്ഞ കയങ്ങളിൽ ,കാകളി,Kadammanitta,5
മുത്തു വാരുവാൻ വന്ന ഞാനല്ലോ വിടു വിഡ്ഢി ,കാകളി,Kadammanitta,6
കോലാഹലക്കഴലിണ ക്കനകച്ചിലമ്പി - ,കാകളി,Kumaranasan,1
ലാലോലമങ്ങു മയിലിൻ മുകളേറി മെല്ലെ ,കാകളി,Kumaranasan,2
പാവന ഭാവനാ നാടകമാടിയീ,കാകളി,P. Kunjiraman Nair,1
സ്ഥാവര ജംഗമ ജീവിതങ്ങൾ ,കാകളി,P. Kunjiraman Nair,2
പഠിപ്പിൻ കുഴപ്പം ശരിപ്പെട്ടു കിട്ടാ -,കാകളി,Evoor,1
നിരിപ്പും നടപ്പും വെടിപ്പാക്കിടേണം ,കാകളി,Evoor,2
കലയുടെ കളിവീടാം കേരളത്തിന്റെ മണ്ണിൽ ,കാകളി,Evoor,3
കഥകളി തിരിനീട്ടി തുള്ളലുള്ളം തെളിച്ചൂ,കാകളി,Evoor,4
ഇഴഞ്ഞും നടന്നും കളിക്കുന്ന കാലം ,കാകളി,Evoor,5
പറഞ്ഞും ചിരിച്ചും രസിക്കുന്ന കാലം ,കാകളി,Evoor,6
അലഞ്ഞും വലഞ്ഞും കറങ്ങുന്ന കാലം ,കാകളി,Evoor,7
വരും കുത്തിയങ്ങോട്ടിരിക്കുന്ന കാലം ,കാകളി,Evoor,8
ഒരുത്തന്റെ മാർഗ്ഗം ശരിപ്പെട്ടുകണ്ടാൽ ,കാകളി,Evoor,9
പെരുത്താളെടുത്താ വഴിക്കോട്ടു ചാടും ,കാകളി,Evoor,10
ചിലർക്കിന്നു കാവ്യം വെറും ശബ്ദജാലം ,കാകളി,Evoor,11
ചിലർക്കോ കടും കട്ടിയാം രൂപശില്പം ,കാകളി,Evoor,12
പാലഞ്ചും പുഞ്ചിരി തൂകി നിന്നങ്ങനെ,കാകളി,Cherusseri,1
നാലഞ്ചു നാളങ്ങു ചെന്നവാരെ,കാകളി,Cherusseri,2
തിത്തിത്തായെന്നുള്ള നൃത്തങ്ങളെങ്ങനെ ,കാകളി,Cherusseri,3
തൃക്കാൽ ചിലമ്പുകളൊച്ച പൂണ്ടങ്ങനെ ,കാകളി,Cherusseri,4
സംസാരമോക്ഷത്തിൻ കാരണമായതോ,കാകളി,Cherusseri,5
വൈരാഗ്യമെന്നല്ലോ ചൊല്ലിക്കേൾപ്പൂ,കാകളി,Cherusseri,6
ആയിരം വട്ടകപ്പാലുതരാമുണ്ണീ ,കാകളി,Panan paattu,1
അമ്പാടിക്കണ്ണാ നീ ഓടിവാടാ  ,കാകളി,Panan paattu,2
ഈടേറും ബേതല ഹേമിൽ പിറന്നോനേ,കാകളി,Traditional,1
ഈഴലൊഴിഞ്ഞു ഞാൻ കാണവേണം ,കാകളി,Traditional,2
പോവല്ലേ പോവല്ലേ പൊന്നോണമേ,കാകളി,ഇടപ്പള്ളി,1
പൂവല്ലേ ഞാനിട്ടു പൂജിക്കുന്നു,കാകളി,ഇടപ്പള്ളി,2
നാലുകാലുള്ളൊരു നങ്ങേലിപ്പെണ്ണിനെ,കാകളി,Traditional,1
കോലു നാരായണൻ കട്ടോണ്ടു പോയി ,കാകളി,Traditional,2
ഗ്രന്ഥം കരത്തിലുണ്ടായാൽ മതിയല്ല ,കാകളി,Kunchan Nambiar,1
ചന്തത്തിലർത്ഥം ഗ്രഹിച്ചേ ഫലം വരൂ ,കാകളി,Kunchan Nambiar,2
രണ്ടു കളത്രത്തെയുണ്ടാക്കി വയ്ക്കുന്ന ,കാകളി,Kunchan Nambiar,3
തണ്ടു തപ്പിക്കു സുഖമില്ലൊരിക്കലും ,കാകളി,Kunchan Nambiar,4
ചാട്ടത്തിൽ നിന്നു പിഴച്ചു പോയോ നിന്റെ ,കാകളി,Kunchan Nambiar,5
കൂട്ടത്തിൽ മറ്റാരുമില്ലാത്തതെന്തടാ,കാകളി,Kunchan Nambiar,6
അലക്കും തൊങ്കലും പൊടുപ്പും വെച്ചൊരു ,കാകളി,Nadodippattu,1
കൊതുവല്ലേ വന്നു കടിച്ചത് ,കാകളി,Nadodippattu,2
ഞാനല്ല പൈങ്കിളി താമരപ്പൈങ്കിളി,കാകളി,Nadodippattu,3
താണിരുന്നാടുന്ന പൊന്നോല ,കാകളി,Nadodippattu,4
ചന്തത്തിൽ മുറ്റം ചെത്തിപ്പറിച്ചീല ,കാകളി,Nadodippattu,5
എന്തെന്റെ മാവേലി ഓണം വന്നു ,കാകളി,Nadodippattu,6
അന്തപ്പനന്തിക്കു പന്തവും കത്തിച്ചു ,കാകളി,C.P,1
പന്തളം ചന്തയിലെത്തിയപ്പോൾ ,കാകളി,C.P,2
പടപ്പാട്ടു പാടാം പടച്ചട്ട ചാർത്താം,കാകളി,വട്ടപ്പറമ്പിൽ,1
പടക്കോപ്പു കൈകളിലേന്താം,കാകളി,വട്ടപ്പറമ്പിൽ,2
വമ്പനൊരു മാമല തൻ  കൊമ്പൊടിഞ്ഞു വീണു ,കാകളി,Indira Ashok,1
കല്ലുകളായ് ചിന്നി ചില്ലുകളായ് മിന്നി ,കാകളി,Indira Ashok,2
വാട്സാപ്പിൽ ഫേസ്ബുക്കിൽ ചാറ്റിന്റെ മഴയേറ്റ് ,കാകളി,Deepa Padmakumar,1
ചൂടു പിടിക്കുന്നു പുതു ബാല്യങ്ങൾ   ,കാകളി,Deepa Padmakumar,2
കയ്യെഴുത്താകെ മറന്നു പോകുന്നേരം ,കാകളി,Deepa Padmakumar,3
യന്ത്രം കുറിക്കട്ടെ ഹരിശ്രീയും ,കാകളി,Deepa Padmakumar,4
'നമ്മൾ മാത്രമല്ല നമ്മൾ; മൊഴിയുന്നമ്മ ,കാകളി,V.Madhusoodanan Nair,1
മണ്ണാണ് പെറ്റമണ്ണാണ് പേടിയ്‌ക്കേണ്ട ,കാകളി,V.Madhusoodanan Nair,2
മിന്നുന്ന മീനിൻ വികാരമായ്‌പ്പായുക,കാകളി,V.Madhusoodanan Nair,3
വാക്കിൽ വരാഹകിരണ മായ് ച്ചെല്ലുക ,കാകളി,V.Madhusoodanan Nair,4
കേരവൃക്ഷം തിങ്ങിനിൽക്കും കേരളമെൻ ദേശം ,കാകളി,Vellayani Arjun,1
കരിയും മണ്ണിനു ദാഹമകറ്റാൻ ,കാകളി,Vellayani Arjun,2
ഞാനൊരു ചെമ്പനീർപ്പൂവായിരുന്നെങ്കിൽ,കാകളി,Vellayani Arjun,3
ജീവിതം ധന്യമായേനേ,കാകളി,Vellayani Arjun,4
ശബ്ദം താഴ്ത്തിത്തുടങ്ങിപ്പടിപടിയുയരേ,കാകളി,കോവൂർ,1
ചെന്നു നിൽക്കും പ്രസംഗം,കാകളി,കോവൂർ,2
കണ്ണുനീർത്തുള്ളിയോ കാലത്തിൻ ശീതത്തിൽ,കാകളി,Akkitham,1
കല്ലായുറച്ചു വളർന്നു വന്നു,കാകളി,Akkitham,2
ഇടവമാസപ്പെരുംമഴ പെയ്ത രാവതിൽ ,കാകളി,അനിൽ പനച്ചൂരാൻ ,1
കുളിരിന്നു കൂട്ടായി ഞാൻ നടന്നു,കാകളി,അനിൽ പനച്ചൂരാൻ ,2
അണയാത്ത ദുഃഖക്കനലിലൂടെ-പ്രാണ-,കാകളി,Anwarsha umayanalloor,1
ശിഖയുമായെങ്ങനെയോടിനീങ്ങും;,കാകളി,Anwarsha umayanalloor,2
തിരിച്ചെന്തുലാഭമെന്നോർക്കാതെ തമ്മിൽ ,കാകളി,Anwarsha umayanalloor,3
നാമേകേണ്ടതാത്മവിശ്വാസം,കാകളി,Anwarsha umayanalloor,4
മധുരം പ്രതീക്ഷിച്ച ജീവിതങ്ങൾ-പക്ഷെ,കാകളി,Anwarsha umayanalloor,5
കണ്ണീരിൽ മുങ്ങിത്തിരിച്ചുപോകും.,കാകളി,Anwarsha umayanalloor,6
ഒരു കാലത്തുൽക്കൃഷ്ടർ ബുദ്ധഭിക്ഷുക്കളി- ,കാകളി,ഇടശ്ശേരി,1
ത്തരുനീലത്തണൽകളിൽ വാണിരിയ്ക്കാം.,കാകളി,ഇടശ്ശേരി,2
പഴയൊരപ്പാറക്കൽ പ്രതിമയുണ്ടപ്പോഴും ,കാകളി,ഇടശ്ശേരി,3
പരിശുദ്ധി ചുറ്റും പൊഴിച്ചു നിൽപ്പൂ,കാകളി,ഇടശ്ശേരി,4
തിരക്കിട്ടപോക്കിൽ വേലിത്തളിരും മുള്ളും ,കാകളി,ഇടശ്ശേരി,5
വലിച്ചൊന്നായ്‌ ചവയ്ക്കുന്ന ചടച്ചപൈക്കൾ.,കാകളി,ഇടശ്ശേരി,6
മാനത്തു വട്ടത്തിൽ പാറുമീ പക്ഷിതൻ,കാകളി,Ulloor,1
തേനൊലിഗ്ഗാനത്തിൻ സാരമെന്തോ?,കാകളി,Ulloor,2
ഭൂഖണ്ഡമൊന്നിനൊന്നന്യമല്ലെന്നതി-,കാകളി,Ulloor,3
താകവേ തൊട്ടറിഞ്ഞോതിടുന്നു.,കാകളി,Ulloor,4
ചേർക്കുണ്ടിൽത്താഴ്ത്തുമീത്തൂവിരൽത്തുമ്പത്രെ,കാകളി,കടത്തനാട്ട് മാധവിയമ്മ,1
നാട്ടിന്റെ നന്മകൾ നെയ്തെടുപ്പൂ!,കാകളി,കടത്തനാട്ട് മാധവിയമ്മ,2
ചാരം നദിക്കും സുഹൃത്തിനും വിത്തിനും,കാകളി,Kureeppuzha sreekumar,1
നേരറിയിച്ച നേരത്തിനും നൽകുക,കാകളി,Kureeppuzha sreekumar,2
നിരൂപിക്കാൻ കൂടി വയ്യാത്തമാതിരി-,കാകളി,കെ. പി. കറുപ്പൻ,1
യരുമക്കൂടൊന്നു നാരുകൊണ്ടുണ്ടാക്കി,കാകളി,കെ പി കറുപ്പൻ,2
കടലില്‍ നിന്നു കരക്കുപിടിച്ചിട്ടപോലെ,കാകളി,പവിത്രന്‍ തീക്കുനി,1
ജീവിതം മാറ്റിവെച്ചവള്‍.,കാകളി,പവിത്രന്‍ തീക്കുനി,2
സംഘകാലം തമിഴഴകിൽ  പീലിവിരിക്കും.,കാകളി,പി ശിവപ്രസാദ്.,1
ഭാരതിയാരെ തൊഴുതുവണങ്ങി,കാകളി,പി ശിവപ്രസാദ്.,2
വീറുണർന്ന പാഞ്ചാലി മുടിയഴിക്കും.,കാകളി,പി ശിവപ്രസാദ്.,3
വീരതിലകം ചാർത്തി നിൽക്കും വടക്കൻ പാട്ടേ,കാകളി,പുനലൂര്‍ ബാലന്‍,1
നേരിനെ പുണർന്നു നിൽക്കും വടക്കൻ പാട്ടേ,കാകളി,പുനലൂര്‍ ബാലന്‍,2
ഇല്ല കേള്‍ക്കാന്‍ നിന്‍ മനസെങ്കിലെന്തിനായ്,കാകളി,പ്രഭാവര്‍മ്മ,1
ഇന്നെന്‍ പദങ്ങള്‍.ജതികളീണങ്ങളും,കാകളി,പ്രഭാവര്‍മ്മ,2
മഴവില്ലു താഴെ വീണുടയുന്ന മാനത്തു,കാകളി,Murukan Kattakkada,1
വിരഹ മേഘ ശ്യാമ ഘനഭംഗികള്‍,കാകളി,Murukan Kattakkada,2
വാക്കിന്റെ വിരുതിനാല്‍ തീര്‍ക്കുന്ന സ്പടിക സൗധം,കാകളി,Murukan Kattakkada,3
വയലു വാരങ്ങളില്‍ കുളിരു കോരീടാതെ,കാകളി,Murukan Kattakkada,4
